id,prediction
1,773
2,2721
3,4387
4,4498
5,5054
6,4114
7,3668
8,3661
9,3753
10,4294
11,4506
12,5489
13,6463
14,5296
15,4790
16,2918
17,2777
18,3195
19,2661
20,1136
21,575
22,343
23,271
24,408
25,902
26,2765
27,6084
28,6215
29,6301
30,4874
31,4540
32,5282
33,5253
34,5210
35,4830
36,5969
37,6272
38,5852
39,4327
40,3193
41,3609
42,2457
43,1966
44,1375
45,518
46,388
47,242
48,327
49,840
50,2934
51,5558
52,6817
53,6100
54,5382
55,4564
56,4616
57,4892
58,5395
59,5061
60,5461
61,7150
62,5873
63,5622
64,3214
65,3678
66,2940
67,2708
68,1978
69,712
70,442
71,272
72,386
73,757
74,2695
75,5836
76,6857
77,5801
78,4780
79,4463
80,5348
81,5641
82,6142
83,5396
84,6029
85,6253
86,6049
87,5619
88,3742
89,3117
90,3324
91,2609
92,2989
93,1230
94,693
95,375
96,435
97,666
98,1169
99,1769
100,2971
101,4326
102,4659
103,4366
104,5539
105,5375
106,5791
107,5811
108,4759
109,4807
110,4712
111,3647
112,3322
113,3634
114,4137
115,2597
116,1651
117,933
118,438
119,457
120,468
121,704
122,1094
123,1530
124,2536
125,3627
126,3555
127,4173
128,4424
129,5004
130,4141
131,4444
132,4094
133,3856
134,2892
135,2641
136,1909
137,1429
138,959
139,580
140,378
141,240
142,381
143,922
144,2766
145,5150
146,6712
147,5400
148,4713
149,3969
150,4583
151,4527
152,5134
153,4682
154,5727
155,6429
156,5762
157,4775
158,3457
159,2691
160,2190
161,2354
162,2194
163,662
164,412
165,310
166,390
167,805
168,2649
169,5761
170,6712
171,6203
172,5334
173,4409
174,4132
175,4448
176,5219
177,5669
178,6448
179,6901
180,5546
181,4134
182,3351
183,2965
184,2909
185,3800
186,1268
187,687
188,321
189,293
190,346
191,885
192,2551
193,5726
194,5917
195,6029
196,5030
197,4425
198,4875
199,5135
200,5373
201,4881
202,5665
203,7277
204,5810
205,4463
206,3465
207,3411
208,2552
209,1794
210,1022
211,541
212,352
213,263
214,963
215,2602
216,5245
217,6280
218,5483
219,4930
220,4979
221,5199
222,5370
223,4799
224,5984
225,5402
226,6359
227,6143
228,4351
229,3841
230,3128
231,2587
232,2077
233,1213
234,677
235,378
236,265
237,735
238,2694
239,4670
240,6235
241,5150
242,5037
243,4650
244,5142
245,5296
246,5264
247,5876
248,6331
249,6399
250,6367
251,4691
252,4133
253,3783
254,2973
255,3098
256,1948
257,1044
258,625
259,517
260,361
261,421
262,674
263,1137
264,1734
265,3312
266,3962
267,5116
268,4774
269,6165
270,5887
271,5180
272,5001
273,4900
274,5239
275,4506
276,4301
277,3364
278,3368
279,3511
280,2434
281,1528
282,1068
283,723
284,443
285,345
286,410
287,727
288,936
289,1735
290,2503
291,3348
292,4268
293,4952
294,4290
295,5118
296,4978
297,4418
298,4307
299,4160
300,3083
301,2746
302,1869
303,1707
304,954
305,556
306,299
307,265
308,345
309,899
310,2776
311,5666
312,6779
313,6474
314,4649
315,4313
316,4857
317,4459
318,4669
319,4607
320,5622
321,6145
322,5648
323,4508
324,3259
325,2436
326,2508
327,2915
328,1139
329,591
330,318
331,253
332,335
333,888
334,2996
335,5465
336,6211
337,5338
338,4746
339,4093
340,4833
341,4287
342,5120
343,4951
344,6141
345,6877
346,5950
347,4137
348,3359
349,2961
350,2417
351,1593
352,1020
353,534
354,311
355,271
356,347
357,875
358,3063
359,5104
360,6713
361,5723
362,5175
363,4137
364,4332
365,4661
366,5225
367,5387
368,5409
369,7346
370,6086
371,4317
372,3376
373,3197
374,2498
375,1514
376,1027
377,565
378,331
379,216
380,355
381,888
382,2785
383,5869
384,6627
385,5891
386,4971
387,4994
388,4781
389,5173
390,5105
391,4918
392,6304
393,6918
394,6361
395,4353
396,3368
397,3477
398,3139
399,2266
400,1217
401,664
402,386
403,295
404,409
405,747
406,2880
407,5526
408,6778
409,5679
410,4872
411,4897
412,5089
413,5625
414,5209
415,5360
416,5814
417,6144
418,6421
419,5465
420,3954
421,3409
422,2662
423,2862
424,3096
425,1378
426,961
427,2936
428,4144
429,4582
430,5549
431,6753
432,5233
433,4762
434,5514
435,4679
436,5204
437,4284
438,3427
439,3079
440,3812
441,4293
442,2301
443,1352
444,732
445,675
446,317
447,247
448,426
449,704
450,1110
451,1707
452,2945
453,3892
454,3641
455,4531
456,4424
457,4113
458,4430
459,4741
460,4020
461,3691
462,2804
463,2523
464,3968
465,1641
466,1068
467,490
468,315
469,241
470,355
471,784
472,2614
473,5572
474,6661
475,5104
476,5039
477,4281
478,4305
479,4810
480,4530
481,5467
482,5711
483,6423
484,6129
485,3893
486,3194
487,2308
488,1968
489,1363
490,814
491,484
492,340
493,230
494,365
495,812
496,2655
497,5022
498,6797
499,5962
500,5419
501,4264
502,4374
503,5211
504,5242
505,5666
506,5721
507,6568
508,6056
509,4373
510,3777
511,3246
512,2284
513,1983
514,1114
515,547
516,393
517,268
518,384
519,912
520,2764
521,5021
522,6724
523,6193
524,5083
525,4906
526,4908
527,5195
528,5430
529,5131
530,5769
531,6959
532,6756
533,4979
534,3558
535,3246
536,2667
537,1766
538,1071
539,531
540,322
541,381
542,897
543,2997
544,5277
545,6148
546,6340
547,4766
548,4817
549,5468
550,5737
551,5662
552,5602
553,5902
554,7228
555,6232
556,5410
557,3957
558,3702
559,3743
560,4029
561,1583
562,788
563,435
564,322
565,356
566,689
567,2486
568,4363
569,5424
570,5595
571,5083
572,4940
573,5465
574,6078
575,5301
576,5251
577,5535
578,5880
579,5483
580,4848
581,3749
582,3529
583,3006
584,2447
585,1602
586,973
587,574
588,437
589,355
590,346
591,614
592,1070
593,1550
594,2128
595,3308
596,3418
597,4262
598,4441
599,4577
600,4504
601,4628
602,3817
603,4049
604,3925
605,3594
606,2931
607,2917
608,2691
609,1811
610,1134
611,591
612,507
613,319
614,273
615,394
616,816
617,927
618,1702
619,2542
620,3113
621,3411
622,3918
623,4228
624,3734
625,4232
626,5068
627,4578
628,4233
629,3801
630,3475
631,2552
632,1618
633,950
634,536
635,316
636,248
637,379
638,882
639,2898
640,5364
641,5534
642,5681
643,4658
644,4510
645,4910
646,4633
647,4908
648,4340
649,5320
650,6417
651,5619
652,4053
653,2451
654,2076
655,2687
656,2295
657,949
658,517
659,356
660,304
661,304
662,906
663,2306
664,4713
665,4380
666,4615
667,3506
668,3248
669,3814
670,3724
671,4029
672,3740
673,4369
674,4990
675,4321
676,2695
677,1676
678,1560
679,1381
680,1521
681,1224
682,549
683,351
684,283
685,368
686,815
687,2572
688,4980
689,5184
690,5241
691,5471
692,4306
693,4258
694,4886
695,4677
696,4920
697,5216
698,7141
699,5542
700,4241
701,3399
702,3039
703,2636
704,2056
705,1100
706,655
707,397
708,287
709,341
710,821
711,2608
712,6045
713,6897
714,5682
715,5640
716,5012
717,5084
718,5682
719,5532
720,5237
721,5871
722,6674
723,6184
724,4559
725,3064
726,3120
727,2758
728,2462
729,2341
730,863
731,546
732,327
733,372
734,867
735,2420
736,5411
737,6113
738,5852
739,4581
740,5061
741,5057
742,5333
743,4802
744,4878
745,5848
746,6033
747,5987
748,5092
749,4065
750,3002
751,3258
752,2868
753,2075
754,1083
755,618
756,462
757,401
758,332
759,625
760,1124
761,1871
762,3205
763,3615
764,4298
765,5044
766,4853
767,5464
768,4895
769,5080
770,5624
771,5018
772,5062
773,3682
774,2889
775,4382
776,4412
777,2946
778,1608
779,867
780,670
781,403
782,272
783,445
784,1049
785,1470
786,1972
787,2797
788,3381
789,3979
790,4763
791,4142
792,4499
793,3731
794,4148
795,3353
796,3508
797,2496
798,2106
799,1730
800,1515
801,1058
802,444
803,289
804,236
805,314
806,856
807,2823
808,4954
809,5811
810,6191
811,4970
812,4384
813,4202
814,4391
815,5091
816,4602
817,5621
818,6544
819,6432
820,4707
821,2897
822,2838
823,2051
824,1468
825,1054
826,550
827,350
828,233
829,369
830,931
831,2928
832,6087
833,6752
834,6568
835,5053
836,4715
837,4570
838,4906
839,4858
840,5741
841,5465
842,6368
843,6625
844,4699
845,3180
846,2967
847,2364
848,1894
849,967
850,576
851,367
852,266
853,380
854,974
855,2949
856,5351
857,6428
858,6414
859,5228
860,4530
861,5419
862,4956
863,5346
864,5340
865,5328
866,7146
867,6497
868,4697
869,3489
870,2778
871,2606
872,1569
873,1148
874,490
875,291
876,295
877,324
878,1042
879,2878
880,5629
881,6007
882,6029
883,5159
884,5177
885,5313
886,5146
887,5319
888,5184
889,6207
890,7233
891,7356
892,5492
893,3908
894,2841
895,2674
896,2002
897,1122
898,598
899,378
900,314
901,342
902,788
903,2917
904,5929
905,6674
906,6066
907,5073
908,5028
909,5153
910,5466
911,4729
912,5207
913,5652
914,7166
915,5745
916,4148
917,3103
918,2336
919,2298
920,1729
921,1257
922,645
923,406
924,406
925,293
926,292
927,553
928,1007
929,1217
930,1628
931,1919
932,1880
933,2078
934,2218
935,1934
936,1804
937,1878
938,1355
939,1378
940,1149
941,932
942,604
943,707
944,591
945,546
946,330
947,282
948,210
949,157
950,183
951,311
952,489
953,656
954,683
955,961
956,1467
957,1959
958,1847
959,2289
960,2514
961,2219
962,1949
963,1953
964,1649
965,1316
966,1602
967,2831
968,1102
969,645
970,417
971,280
972,265
973,355
974,808
975,2115
976,4189
977,5416
978,4597
979,4384
980,3786
981,4097
982,4479
983,3711
984,4560
985,4721
986,5814
987,5651
988,3931
989,3047
990,2370
991,2010
992,1440
993,932
994,568
995,302
996,271
997,333
998,887
999,2818
1000,5975
1001,6283
1002,6348
1003,5288
1004,4097
1005,4397
1006,5038
1007,4492
1008,5274
1009,5346
1010,6635
1011,6549
1012,4949
1013,3393
1014,2956
1015,3310
1016,3182
1017,1191
1018,748
1019,643
1020,395
1021,541
1022,975
1023,2911
1024,6093
1025,6834
1026,7137
1027,5518
1028,5192
1029,4504
1030,5460
1031,5240
1032,5358
1033,5279
1034,7429
1035,6968
1036,5082
1037,3287
1038,3083
1039,2775
1040,1836
1041,980
1042,541
1043,325
1044,283
1045,353
1046,962
1047,2926
1048,6254
1049,6885
1050,6539
1051,5488
1052,4713
1053,5321
1054,5363
1055,4679
1056,5437
1057,6460
1058,6231
1059,6944
1060,5334
1061,4035
1062,3693
1063,3291
1064,2311
1065,1226
1066,768
1067,458
1068,335
1069,381
1070,768
1071,2932
1072,5942
1073,7254
1074,6513
1075,5335
1076,5007
1077,5094
1078,5825
1079,5285
1080,5595
1081,6262
1082,7186
1083,6376
1084,4630
1085,4422
1086,3609
1087,3610
1088,3122
1089,1878
1090,1418
1091,664
1092,475
1093,361
1094,340
1095,663
1096,1279
1097,2163
1098,3494
1099,4292
1100,4247
1101,5094
1102,5774
1103,4810
1104,5478
1105,5334
1106,4838
1107,5320
1108,4960
1109,3966
1110,3600
1111,3499
1112,3758
1113,2858
1114,1469
1115,911
1116,609
1117,498
1118,379
1119,566
1120,875
1121,1390
1122,2062
1123,3042
1124,4197
1125,4227
1126,4829
1127,5109
1128,4447
1129,5223
1130,4684
1131,4067
1132,3923
1133,3215
1134,2916
1135,2625
1136,1979
1137,1383
1138,666
1139,323
1140,273
1141,367
1142,895
1143,2695
1144,5930
1145,7035
1146,6368
1147,5493
1148,4225
1149,4976
1150,5183
1151,4494
1152,5456
1153,6114
1154,6341
1155,5615
1156,4387
1157,3040
1158,2521
1159,2288
1160,1555
1161,917
1162,568
1163,360
1164,226
1165,347
1166,896
1167,2661
1168,6146
1169,6520
1170,6013
1171,5048
1172,4319
1173,5420
1174,4660
1175,5154
1176,5251
1177,5744
1178,6714
1179,5883
1180,4385
1181,3228
1182,2886
1183,2263
1184,1699
1185,1004
1186,534
1187,323
1188,214
1189,357
1190,845
1191,2722
1192,5482
1193,5967
1194,6117
1195,5496
1196,4432
1197,5210
1198,4561
1199,4692
1200,4980
1201,6370
1202,6404
1203,6525
1204,4255
1205,3742
1206,3125
1207,2621
1208,1464
1209,987
1210,511
1211,348
1212,234
1213,354
1214,881
1215,2676
1216,6135
1217,5962
1218,5895
1219,5550
1220,4528
1221,4683
1222,5065
1223,5698
1224,5332
1225,5928
1226,7324
1227,6272
1228,4863
1229,3521
1230,3051
1231,2959
1232,2354
1233,1230
1234,697
1235,388
1236,315
1237,371
1238,817
1239,3015
1240,6055
1241,6680
1242,5675
1243,5314
1244,4748
1245,5531
1246,6180
1247,5461
1248,6092
1249,6209
1250,6003
1251,7083
1252,5564
1253,4115
1254,3521
1255,3275
1256,2455
1257,2102
1258,1097
1259,790
1260,483
1261,408
1262,395
1263,732
1264,1345
1265,2392
1266,4046
1267,4155
1268,4600
1269,4818
1270,5142
1271,5056
1272,5448
1273,5182
1274,5072
1275,4958
1276,4661
1277,3533
1278,3294
1279,2849
1280,3059
1281,3418
1282,1401
1283,881
1284,566
1285,352
1286,257
1287,397
1288,798
1289,1415
1290,2356
1291,3225
1292,4166
1293,4115
1294,5272
1295,5229
1296,5153
1297,4304
1298,5049
1299,4427
1300,3663
1301,3669
1302,2874
1303,2476
1304,1749
1305,948
1306,497
1307,319
1308,256
1309,334
1310,827
1311,2605
1312,5899
1313,6728
1314,5947
1315,4874
1316,4912
1317,4306
1318,5035
1319,4442
1320,5384
1321,6181
1322,7538
1323,6166
1324,4252
1325,3246
1326,2801
1327,2416
1328,1665
1329,1052
1330,631
1331,429
1332,291
1333,355
1334,909
1335,2994
1336,5447
1337,5880
1338,6153
1339,5654
1340,4593
1341,4790
1342,5143
1343,5084
1344,4908
1345,5262
1346,7530
1347,5986
1348,4950
1349,3071
1350,2742
1351,2205
1352,1443
1353,1162
1354,479
1355,322
1356,274
1357,347
1358,957
1359,3044
1360,5476
1361,6910
1362,5203
1363,5397
1364,4395
1365,5050
1366,5275
1367,4947
1368,5260
1369,5880
1370,6999
1371,5822
1372,4697
1373,3665
1374,3182
1375,2639
1376,1639
1377,995
1378,570
1379,367
1380,256
1381,375
1382,924
1383,2867
1384,5684
1385,6550
1386,6103
1387,5316
1388,4310
1389,5476
1390,4816
1391,5334
1392,5824
1393,6366
1394,7084
1395,7113
1396,5354
1397,4024
1398,3266
1399,2550
1400,1906
1401,1424
1402,720
1403,365
1404,342
1405,381
1406,853
1407,2893
1408,5788
1409,7183
1410,5730
1411,5630
1412,4787
1413,5264
1414,5734
1415,5127
1416,6347
1417,6159
1418,7204
1419,6472
1420,5336
1421,3902
1422,3703
1423,3098
1424,2927
1425,1917
1426,1338
1427,684
1428,373
1429,417
1430,696
1431,1300
1432,2418
1433,3093
1434,4122
1435,3668
1436,4139
1437,4813
1438,4280
1439,4504
1440,4387
1441,4239
1442,4687
1443,4009
1444,3169
1445,2911
1446,3063
1447,3094
1448,2378
1449,1712
1450,721
1451,474
1452,314
1453,282
1454,420
1455,997
1456,1365
1457,2505
1458,3221
1459,3447
1460,3766
1461,4198
1462,4400
1463,4568
1464,4621
1465,4547
1466,3536
1467,3569
1468,3167
1469,2577
1470,2566
1471,1734
1472,1131
1473,624
1474,353
1475,227
1476,320
1477,867
1478,2757
1479,6034
1480,6817
1481,5425
1482,4672
1483,4294
1484,4346
1485,4335
1486,5289
1487,5093
1488,5693
1489,6236
1490,6721
1491,4563
1492,3139
1493,2525
1494,2588
1495,1596
1496,1024
1497,629
1498,355
1499,246
1500,320
1501,897
1502,3027
1503,6206
1504,6829
1505,6539
1506,5578
1507,4345
1508,4448
1509,5024
1510,4508
1511,4934
1512,5408
1513,6963
1514,6605
1515,4684
1516,3051
1517,2750
1518,2419
1519,1429
1520,1081
1521,560
1522,339
1523,243
1524,371
1525,844
1526,2715
1527,5907
1528,6021
1529,5689
1530,5083
1531,4549
1532,4433
1533,5138
1534,4843
1535,5457
1536,6590
1537,6310
1538,6398
1539,5116
1540,3526
1541,3216
1542,2616
1543,1568
1544,1555
1545,650
1546,382
1547,257
1548,390
1549,904
1550,2899
1551,5322
1552,6753
1553,5660
1554,5510
1555,5122
1556,5554
1557,5627
1558,4649
1559,5539
1560,5893
1561,6483
1562,6280
1563,5139
1564,3786
1565,3309
1566,2727
1567,2036
1568,1308
1569,603
1570,385
1571,315
1572,322
1573,751
1574,2438
1575,5228
1576,6687
1577,6113
1578,4951
1579,5196
1580,4826
1581,5280
1582,5837
1583,5193
1584,6660
1585,6219
1586,5461
1587,5505
1588,3644
1589,3366
1590,3013
1591,2215
1592,1645
1593,1126
1594,613
1595,444
1596,452
1597,429
1598,798
1599,1467
1600,2133
1601,3033
1602,4027
1603,4262
1604,4616
1605,5164
1606,5026
1607,4877
1608,4043
1609,3785
1610,4080
1611,4008
1612,3312
1613,2737
1614,2900
1615,2722
1616,2050
1617,1292
1618,816
1619,683
1620,342
1621,356
1622,479
1623,847
1624,1254
1625,2074
1626,2977
1627,3369
1628,4157
1629,4477
1630,3877
1631,3954
1632,4402
1633,3845
1634,4134
1635,3814
1636,3525
1637,3243
1638,2821
1639,1724
1640,1139
1641,632
1642,344
1643,251
1644,319
1645,788
1646,2944
1647,5829
1648,6191
1649,5442
1650,5455
1651,4346
1652,4479
1653,4962
1654,5122
1655,4604
1656,5990
1657,6893
1658,6155
1659,4978
1660,3236
1661,2416
1662,2107
1663,2009
1664,950
1665,583
1666,316
1667,249
1668,342
1669,897
1670,2901
1671,5870
1672,6028
1673,5508
1674,5803
1675,4095
1676,4871
1677,4676
1678,4875
1679,5331
1680,6195
1681,6920
1682,6114
1683,4476
1684,3245
1685,3208
1686,2681
1687,3005
1688,2215
1689,768
1690,409
1691,351
1692,347
1693,909
1694,2757
1695,5352
1696,6274
1697,5161
1698,5201
1699,5097
1700,4837
1701,4807
1702,5320
1703,5704
1704,5601
1705,7280
1706,6304
1707,5102
1708,3644
1709,3067
1710,3135
1711,2665
1712,2447
1713,706
1714,503
1715,323
1716,357
1717,920
1718,3214
1719,5607
1720,6394
1721,5450
1722,5089
1723,4616
1724,5044
1725,5548
1726,4801
1727,5984
1728,6809
1729,7038
1730,6716
1731,5257
1732,3636
1733,3069
1734,3323
1735,2530
1736,1951
1737,780
1738,464
1739,390
1740,348
1741,798
1742,2657
1743,5506
1744,6908
1745,4940
1746,4690
1747,4886
1748,4738
1749,5586
1750,4879
1751,5425
1752,6504
1753,6152
1754,6603
1755,5408
1756,3495
1757,3244
1758,3328
1759,2818
1760,1784
1761,1281
1762,869
1763,632
1764,486
1765,431
1766,884
1767,1462
1768,2007
1769,3538
1770,3635
1771,3595
1772,4471
1773,4576
1774,4470
1775,4522
1776,4405
1777,4675
1778,4107
1779,3288
1780,3000
1781,2483
1782,2880
1783,2928
1784,2059
1785,1095
1786,752
1787,537
1788,326
1789,276
1790,444
1791,871
1792,1144
1793,1703
1794,2863
1795,3314
1796,3965
1797,4209
1798,4326
1799,4163
1800,4106
1801,3977
1802,4043
1803,3077
1804,2980
1805,2566
1806,2179
1807,1815
1808,1183
1809,641
1810,346
1811,308
1812,339
1813,879
1814,2912
1815,5575
1816,7055
1817,5427
1818,4648
1819,4223
1820,4144
1821,5021
1822,1907
1823,4289
1824,6293
1825,6859
1826,6534
1827,5015
1828,3212
1829,2629
1830,2237
1831,1656
1832,1156
1833,513
1834,324
1835,262
1836,343
1837,945
1838,2781
1839,5640
1840,6136
1841,5386
1842,4803
1843,4767
1844,4744
1845,4727
1846,4470
1847,5232
1848,6296
1849,7103
1850,6793
1851,4357
1852,3484
1853,3279
1854,3182
1855,2052
1856,1009
1857,582
1858,390
1859,298
1860,326
1861,913
1862,2770
1863,6555
1864,6235
1865,5096
1866,4837
1867,4355
1868,5320
1869,5118
1870,4534
1871,5295
1872,6181
1873,6287
1874,6628
1875,4699
1876,3266
1877,2773
1878,2662
1879,2142
1880,1272
1881,668
1882,350
1883,239
1884,383
1885,804
1886,2714
1887,5354
1888,5672
1889,5395
1890,5232
1891,4641
1892,5390
1893,4590
1894,5497
1895,5793
1896,6441
1897,6158
1898,6655
1899,4510
1900,3461
1901,2923
1902,2866
1903,1974
1904,1304
1905,614
1906,459
1907,289
1908,338
1909,779
1910,2650
1911,5084
1912,6497
1913,5655
1914,5331
1915,4676
1916,4827
1917,5635
1918,5428
1919,5083
1920,6041
1921,6023
1922,4474
1923,3971
1924,3012
1925,3173
1926,2688
1927,2801
1928,1847
1929,1377
1930,715
1931,574
1932,360
1933,377
1934,709
1935,1214
1936,1613
1937,2409
1938,3395
1939,3653
1940,4100
1941,4446
1942,4086
1943,3734
1944,3626
1945,3771
1946,3530
1947,3767
1948,2775
1949,2774
1950,2814
1951,3248
1952,1994
1953,1684
1954,781
1955,758
1956,517
1957,379
1958,798
1959,1127
1960,1129
1961,1809
1962,2497
1963,3652
1964,3507
1965,3851
1966,4249
1967,4171
1968,3617
1969,3517
1970,3299
1971,3396
1972,2625
1973,3033
1974,2843
1975,2543
1976,1521
1977,1001
1978,592
1979,428
1980,328
1981,339
1982,468
1983,913
1984,1063
1985,1206
1986,1798
1987,2503
1988,3287
1989,3517
1990,3938
1991,3922
1992,4025
1993,3443
1994,3829
1995,3700
1996,3242
1997,2638
1998,2489
1999,1747
2000,1166
2001,596
2002,355
2003,220
2004,322
2005,798
2006,3079
2007,5426
2008,6493
2009,5490
2010,5498
2011,4482
2012,4846
2013,4984
2014,5254
2015,4760
2016,6335
2017,6227
2018,6183
2019,4681
2020,3106
2021,2266
2022,2247
2023,1650
2024,965
2025,502
2026,371
2027,298
2028,361
2029,874
2030,3017
2031,5533
2032,6224
2033,5262
2034,5751
2035,4172
2036,4877
2037,4676
2038,4345
2039,5301
2040,6659
2041,6725
2042,5856
2043,4878
2044,3721
2045,2557
2046,2552
2047,1750
2048,1304
2049,636
2050,365
2051,277
2052,372
2053,979
2054,2881
2055,5780
2056,6473
2057,5688
2058,5177
2059,4438
2060,5200
2061,5082
2062,5716
2063,5280
2064,5717
2065,7057
2066,6973
2067,4983
2068,3457
2069,2821
2070,3210
2071,2343
2072,1485
2073,708
2074,511
2075,312
2076,426
2077,872
2078,2703
2079,5229
2080,7092
2081,5515
2082,5574
2083,4661
2084,4684
2085,5918
2086,5785
2087,5402
2088,6762
2089,6666
2090,6259
2091,4676
2092,3471
2093,3124
2094,3343
2095,2973
2096,2167
2097,1573
2098,899
2099,433
2100,459
2101,758
2102,1411
2103,2100
2104,2660
2105,3779
2106,4188
2107,4352
2108,4373
2109,4322
2110,5286
2111,4586
2112,4322
2113,4256
2114,3712
2115,3606
2116,3352
2117,2857
2118,3076
2119,1984
2120,1431
2121,889
2122,664
2123,513
2124,403
2125,590
2126,1158
2127,1617
2128,2527
2129,3599
2130,3965
2131,4351
2132,4892
2133,4266
2134,4726
2135,4480
2136,4972
2137,4335
2138,3941
2139,3448
2140,2874
2141,2680
2142,2040
2143,1060
2144,612
2145,358
2146,280
2147,352
2148,930
2149,3299
2150,5911
2151,6209
2152,5434
2153,4795
2154,4302
2155,4262
2156,5179
2157,5210
2158,5220
2159,5697
2160,7113
2161,5764
2162,4492
2163,3546
2164,2793
2165,2582
2166,1698
2167,1105
2168,612
2169,361
2170,318
2171,329
2172,1039
2173,3306
2174,6298
2175,6119
2176,6027
2177,4829
2178,4899
2179,5100
2180,5346
2181,5137
2182,5794
2183,6677
2184,7502
2185,6863
2186,4453
2187,3333
2188,3072
2189,2795
2190,2415
2191,1249
2192,635
2193,450
2194,295
2195,337
2196,975
2197,2791
2198,4812
2199,6582
2200,5099
2201,5579
2202,4618
2203,4679
2204,5582
2205,4392
2206,5554
2207,6619
2208,7358
2209,7112
2210,4736
2211,3641
2212,3203
2213,2609
2214,2397
2215,1200
2216,620
2217,443
2218,316
2219,355
2220,985
2221,3057
2222,6134
2223,6282
2224,6002
2225,4733
2226,4257
2227,5561
2228,5623
2229,5255
2230,4993
2231,6158
2232,7017
2233,6517
2234,4961
2235,3961
2236,3161
2237,3160
2238,2160
2239,1391
2240,867
2241,482
2242,327
2243,387
2244,863
2245,2824
2246,5272
2247,6090
2248,5322
2249,4637
2250,4264
2251,4534
2252,5832
2253,5304
2254,5762
2255,5792
2256,7309
2257,5630
2258,4942
2259,4004
2260,2979
2261,3278
2262,3394
2263,2698
2264,1529
2265,1035
2266,928
2267,586
2268,489
2269,830
2270,1389
2271,2333
2272,2714
2273,3141
2274,4021
2275,4080
2276,3843
2277,3785
2278,4544
2279,3745
2280,4213
2281,3260
2282,3251
2283,2934
2284,2882
2285,3025
2286,2882
2287,1746
2288,1258
2289,821
2290,600
2291,320
2292,292
2293,443
2294,847
2295,993
2296,1477
2297,2418
2298,3087
2299,3701
2300,4266
2301,4164
2302,4359
2303,4452
2304,4066
2305,3340
2306,3291
2307,2862
2308,3064
2309,2418
2310,1923
2311,1134
2312,666
2313,423
2314,302
2315,280
2316,938
2317,2810
2318,4952
2319,6526
2320,5201
2321,4438
2322,4653
2323,4130
2324,4704
2325,5034
2326,4606
2327,6140
2328,6940
2329,5988
2330,4679
2331,2986
2332,2783
2333,2024
2334,1846
2335,1028
2336,670
2337,369
2338,340
2339,360
2340,915
2341,3272
2342,5450
2343,6694
2344,6055
2345,5315
2346,4128
2347,4171
2348,4682
2349,4595
2350,5038
2351,6136
2352,7229
2353,5891
2354,5146
2355,3079
2356,3263
2357,3164
2358,2275
2359,1190
2360,629
2361,443
2362,318
2363,362
2364,978
2365,3259
2366,6082
2367,5748
2368,5873
2369,5382
2370,4907
2371,5084
2372,5218
2373,4502
2374,4953
2375,5769
2376,7407
2377,5454
2378,4842
2379,3382
2380,3292
2381,2711
2382,2263
2383,1315
2384,738
2385,416
2386,328
2387,366
2388,843
2389,3131
2390,5662
2391,6097
2392,5793
2393,5279
2394,4072
2395,4952
2396,5204
2397,4778
2398,5727
2399,6005
2400,6255
2401,5717
2402,4599
2403,3721
2404,3170
2405,2952
2406,2270
2407,1355
2408,898
2409,515
2410,375
2411,415
2412,917
2413,2606
2414,5432
2415,5778
2416,6226
2417,4746
2418,4805
2419,4888
2420,5309
2421,5676
2422,5478
2423,5739
2424,6220
2425,4897
2426,4746
2427,3878
2428,3153
2429,3370
2430,2737
2431,2422
2432,1336
2433,806
2434,642
2435,400
2436,422
2437,733
2438,1279
2439,1548
2440,2390
2441,2749
2442,3334
2443,3662
2444,4696
2445,4422
2446,4590
2447,3988
2448,4597
2449,3781
2450,3966
2451,3178
2452,2960
2453,2693
2454,2732
2455,2015
2456,1460
2457,905
2458,701
2459,392
2460,371
2461,534
2462,897
2463,1262
2464,1605
2465,2469
2466,3676
2467,3453
2468,4138
2469,4244
2470,3805
2471,3936
2472,4334
2473,4566
2474,3487
2475,3823
2476,3134
2477,2808
2478,1902
2479,1099
2480,626
2481,391
2482,250
2483,384
2484,840
2485,2808
2486,6014
2487,5927
2488,6023
2489,4534
2490,4178
2491,4234
2492,4967
2493,4973
2494,4817
2495,5127
2496,6787
2497,6308
2498,3965
2499,3382
2500,2521
2501,2404
2502,1693
2503,1105
2504,564
2505,339
2506,288
2507,386
2508,826
2509,3147
2510,5111
2511,5993
2512,5191
2513,4618
2514,4064
2515,4557
2516,4932
2517,4282
2518,5312
2519,5977
2520,7446
2521,6324
2522,4961
2523,2938
2524,2903
2525,2523
2526,1826
2527,1099
2528,649
2529,398
2530,282
2531,370
2532,998
2533,3435
2534,5355
2535,6208
2536,5988
2537,4411
2538,4635
2539,4354
2540,4693
2541,4684
2542,5096
2543,6405
2544,6730
2545,6321
2546,4656
2547,3433
2548,2904
2549,2825
2550,1958
2551,1139
2552,578
2553,429
2554,362
2555,390
2556,895
2557,2981
2558,6005
2559,6994
2560,5357
2561,4850
2562,5213
2563,5465
2564,4999
2565,4824
2566,4705
2567,5777
2568,6634
2569,5550
2570,4290
2571,3769
2572,3463
2573,3466
2574,2733
2575,1333
2576,877
2577,427
2578,364
2579,368
2580,793
2581,3149
2582,5551
2583,6558
2584,5457
2585,4987
2586,4574
2587,5059
2588,4720
2589,5152
2590,5239
2591,5900
2592,5875
2593,5532
2594,4948
2595,3810
2596,3883
2597,3538
2598,3431
2599,3394
2600,1474
2601,921
2602,620
2603,420
2604,538
2605,892
2606,1435
2607,2271
2608,3019
2609,4446
2610,4694
2611,4842
2612,4519
2613,4153
2614,4613
2615,4322
2616,4353
2617,4888
2618,3675
2619,3883
2620,3647
2621,3607
2622,3837
2623,2284
2624,1523
2625,997
2626,705
2627,382
2628,385
2629,599
2630,1198
2631,1409
2632,2477
2633,3778
2634,4532
2635,4463
2636,4583
2637,3840
2638,4339
2639,4487
2640,4107
2641,3978
2642,3761
2643,3482
2644,3462
2645,2384
2646,2087
2647,1183
2648,609
2649,381
2650,354
2651,386
2652,840
2653,2829
2654,5451
2655,6238
2656,5895
2657,4757
2658,4349
2659,4666
2660,5033
2661,5038
2662,4933
2663,5123
2664,6093
2665,5955
2666,4075
2667,3009
2668,3165
2669,2791
2670,1803
2671,1165
2672,571
2673,424
2674,313
2675,355
2676,888
2677,3015
2678,5259
2679,6175
2680,5679
2681,5208
2682,4391
2683,4947
2684,4577
2685,4644
2686,4817
2687,6091
2688,7340
2689,6460
2690,4117
2691,3148
2692,2865
2693,2644
2694,2045
2695,1129
2696,743
2697,377
2698,328
2699,388
2700,927
2701,3457
2702,5675
2703,7019
2704,5740
2705,5399
2706,4602
2707,5320
2708,5370
2709,5204
2710,5471
2711,5334
2712,6367
2713,5826
2714,4909
2715,3224
2716,2952
2717,3338
2718,2381
2719,1413
2720,750
2721,417
2722,292
2723,359
2724,912
2725,3378
2726,5946
2727,6182
2728,5498
2729,5447
2730,4715
2731,4518
2732,4872
2733,5106
2734,5403
2735,5495
2736,6759
2737,6428
2738,4450
2739,3562
2740,3402
2741,2766
2742,2039
2743,1480
2744,822
2745,474
2746,410
2747,442
2748,965
2749,2850
2750,5730
2751,6373
2752,5231
2753,5322
2754,4663
2755,4610
2756,5540
2757,5230
2758,5479
2759,5547
2760,6431
2761,5442
2762,4438
2763,3348
2764,3074
2765,2967
2766,2881
2767,2495
2768,1330
2769,948
2770,601
2771,406
2772,407
2773,872
2774,1617
2775,1987
2776,3000
2777,3783
2778,3908
2779,4006
2780,4728
2781,4994
2782,4572
2783,4059
2784,4422
2785,4437
2786,3730
2787,3460
2788,3008
2789,2824
2790,2894
2791,2208
2792,1305
2793,897
2794,731
2795,440
2796,352
2797,505
2798,883
2799,1187
2800,1649
2801,2543
2802,3209
2803,3282
2804,4056
2805,3852
2806,3856
2807,4519
2808,4751
2809,3652
2810,3571
2811,3238
2812,3279
2813,2605
2814,2362
2815,3276
2816,960
2817,574
2818,455
2819,415
2820,941
2821,2791
2822,5694
2823,5868
2824,5107
2825,4070
2826,4433
2827,4175
2828,4984
2829,4590
2830,4496
2831,5357
2832,5613
2833,5242
2834,3695
2835,3007
2836,2871
2837,2364
2838,2006
2839,1516
2840,726
2841,474
2842,320
2843,398
2844,898
2845,2884
2846,4998
2847,6038
2848,5016
2849,4280
2850,3700
2851,4101
2852,4976
2853,4782
2854,4834
2855,6077
2856,6659
2857,5421
2858,4539
2859,3144
2860,2755
2861,2638
2862,2196
2863,1808
2864,992
2865,616
2866,562
2867,323
2868,352
2869,652
2870,1170
2871,1151
2872,1165
2873,1757
2874,1848
2875,2412
2876,2754
2877,2972
2878,3553
2879,3016
2880,2925
2881,2788
2882,2432
2883,2458
2884,2734
2885,2671
2886,1932
2887,2114
2888,1062
2889,487
2890,315
2891,333
2892,774
2893,2438
2894,4901
2895,5251
2896,4369
2897,3897
2898,3938
2899,4133
2900,4455
2901,4158
2902,5174
2903,5010
2904,6271
2905,5742
2906,4268
2907,2971
2908,2884
2909,2491
2910,1976
2911,1248
2912,705
2913,455
2914,408
2915,322
2916,773
2917,2670
2918,4352
2919,5278
2920,4236
2921,3884
2922,3954
2923,4385
2924,4461
2925,4452
2926,4766
2927,5672
2928,5033
2929,5282
2930,4154
2931,3499
2932,3140
2933,2733
2934,2625
2935,2094
2936,1285
2937,691
2938,602
2939,393
2940,465
2941,811
2942,1331
2943,1758
2944,2420
2945,3232
2946,3529
2947,4113
2948,4190
2949,3791
2950,4309
2951,3688
2952,4223
2953,4298
2954,3945
2955,3374
2956,3290
2957,3582
2958,3034
2959,2276
2960,1319
2961,833
2962,656
2963,354
2964,330
2965,500
2966,885
2967,1160
2968,2070
2969,2591
2970,3273
2971,3636
2972,4165
2973,4488
2974,4398
2975,4565
2976,4960
2977,3948
2978,3994
2979,4203
2980,3588
2981,2837
2982,1936
2983,1259
2984,686
2985,439
2986,328
2987,323
2988,862
2989,3199
2990,5489
2991,6549
2992,5909
2993,4163
2994,3906
2995,4395
2996,4701
2997,4947
2998,5225
2999,5402
3000,6169
3001,6257
3002,4204
3003,3267
3004,2876
3005,2696
3006,1909
3007,1183
3008,649
3009,413
3010,303
3011,335
3012,815
3013,2905
3014,6350
3015,5685
3016,6275
3017,4673
3018,4679
3019,4922
3020,4578
3021,4804
3022,4532
3023,5747
3024,6593
3025,5576
3026,4306
3027,3038
3028,3214
3029,3036
3030,2150
3031,1431
3032,604
3033,377
3034,349
3035,399
3036,904
3037,3300
3038,5250
3039,6328
3040,6092
3041,4649
3042,4546
3043,5157
3044,5108
3045,4752
3046,5116
3047,5823
3048,6986
3049,5742
3050,4856
3051,3490
3052,3161
3053,2523
3054,1867
3055,1420
3056,731
3057,409
3058,279
3059,399
3060,899
3061,3242
3062,5446
3063,6939
3064,5568
3065,4792
3066,4334
3067,4988
3068,4510
3069,5152
3070,4958
3071,5188
3072,6589
3073,5832
3074,3655
3075,3321
3076,2935
3077,2574
3078,2050
3079,1313
3080,662
3081,462
3082,317
3083,386
3084,964
3085,2699
3086,5660
3087,6495
3088,5224
3089,4275
3090,4220
3091,4453
3092,4893
3093,5460
3094,5043
3095,5630
3096,6201
3097,5361
3098,4781
3099,3502
3100,3550
3101,2839
3102,2635
3103,1895
3104,1220
3105,721
3106,697
3107,433
3108,471
3109,850
3110,1352
3111,2059
3112,2955
3113,3511
3114,4031
3115,4492
3116,4887
3117,3949
3118,4081
3119,4457
3120,4359
3121,4017
3122,3837
3123,3557
3124,3032
3125,3522
3126,2796
3127,2312
3128,1375
3129,834
3130,698
3131,425
3132,360
3133,498
3134,862
3135,1281
3136,1636
3137,2836
3138,3051
3139,3780
3140,4117
3141,4023
3142,4368
3143,3847
3144,4871
3145,4264
3146,4203
3147,3523
3148,2942
3149,2490
3150,1810
3151,1223
3152,757
3153,503
3154,301
3155,376
3156,922
3157,3308
3158,5238
3159,5911
3160,5139
3161,5021
3162,4540
3163,4678
3164,4531
3165,4551
3166,5016
3167,5111
3168,5976
3169,6127
3170,4325
3171,3319
3172,3064
3173,2305
3174,1998
3175,1102
3176,589
3177,420
3178,293
3179,361
3180,975
3181,3411
3182,5605
3183,6906
3184,4916
3185,4900
3186,4623
3187,4898
3188,5069
3189,4909
3190,4886
3191,5910
3192,6738
3193,5188
3194,4104
3195,3177
3196,2856
3197,2815
3198,2009
3199,1296
3200,620
3201,380
3202,322
3203,394
3204,826
3205,3450
3206,5288
3207,6632
3208,5960
3209,4882
3210,4427
3211,4652
3212,5065
3213,4496
3214,4981
3215,5242
3216,6775
3217,6597
3218,5069
3219,3782
3220,3169
3221,2852
3222,2007
3223,1355
3224,674
3225,382
3226,281
3227,395
3228,888
3229,3356
3230,5812
3231,5844
3232,5769
3233,5101
3234,4704
3235,4387
3236,4894
3237,4608
3238,4630
3239,5361
3240,7097
3241,6409
3242,4521
3243,3388
3244,3222
3245,2784
3246,2091
3247,1480
3248,626
3249,462
3250,352
3251,376
3252,919
3253,2636
3254,4965
3255,5782
3256,5611
3257,4896
3258,4920
3259,4872
3260,5592
3261,5047
3262,5398
3263,5879
3264,5577
3265,5314
3266,4366
3267,3619
3268,3005
3269,3166
3270,2970
3271,2214
3272,1330
3273,831
3274,674
3275,436
3276,438
3277,956
3278,1602
3279,2028
3280,3307
3281,3700
3282,4082
3283,4787
3284,4540
3285,4428
3286,5060
3287,4773
3288,5022
3289,4667
3290,4648
3291,4031
3292,3719
3293,3459
3294,2877
3295,2266
3296,1315
3297,1020
3298,804
3299,372
3300,331
3301,530
3302,908
3303,1325
3304,2186
3305,2769
3306,3587
3307,4057
3308,4601
3309,4895
3310,4185
3311,4400
3312,4582
3313,4895
3314,4357
3315,3945
3316,3065
3317,2793
3318,2343
3319,1336
3320,740
3321,378
3322,330
3323,364
3324,995
3325,2875
3326,5667
3327,6398
3328,6011
3329,4517
3330,4295
3331,4331
3332,4786
3333,4512
3334,4227
3335,5602
3336,6362
3337,6109
3338,4025
3339,3005
3340,2873
3341,2660
3342,1787
3343,1123
3344,595
3345,357
3346,287
3347,391
3348,932
3349,3433
3350,6104
3351,6523
3352,5557
3353,5168
3354,4810
3355,5078
3356,4342
3357,5047
3358,4726
3359,5644
3360,6823
3361,5450
3362,4805
3363,3158
3364,3075
3365,2660
3366,2128
3367,1274
3368,681
3369,420
3370,299
3371,341
3372,951
3373,3281
3374,5441
3375,7012
3376,5898
3377,4970
3378,4693
3379,4538
3380,4347
3381,5190
3382,4630
3383,5445
3384,6310
3385,5615
3386,4326
3387,3686
3388,3145
3389,2783
3390,2517
3391,1815
3392,745
3393,411
3394,297
3395,393
3396,831
3397,3357
3398,5924
3399,6184
3400,5706
3401,5186
3402,4487
3403,4700
3404,4687
3405,5380
3406,5322
3407,5598
3408,6284
3409,5980
3410,4582
3411,3678
3412,3446
3413,2940
3414,2709
3415,1272
3416,714
3417,437
3418,361
3419,363
3420,885
3421,2686
3422,5853
3423,5400
3424,5570
3425,4760
3426,4481
3427,4362
3428,5626
3429,5364
3430,5697
3431,5592
3432,6055
3433,5390
3434,4154
3435,3640
3436,2938
3437,3367
3438,3275
3439,2189
3440,1269
3441,948
3442,597
3443,378
3444,492
3445,889
3446,1460
3447,1783
3448,2531
3449,3158
3450,3988
3451,3837
3452,4498
3453,3981
3454,3873
3455,4017
3456,4360
3457,3782
3458,3305
3459,3221
3460,3105
3461,3290
3462,2900
3463,1834
3464,1495
3465,868
3466,811
3467,518
3468,396
3469,654
3470,1255
3471,1188
3472,1795
3473,2854
3474,3752
3475,4127
3476,3649
3477,4089
3478,4139
3479,4242
3480,4443
3481,4001
3482,3710
3483,3691
3484,3635
3485,2655
3486,1905
3487,1250
3488,656
3489,362
3490,339
3491,320
3492,977
3493,2978
3494,5907
3495,5722
3496,5061
3497,4527
3498,4341
3499,4923
3500,4910
3501,4626
3502,4336
3503,5331
3504,5783
3505,5838
3506,4631
3507,2880
3508,3028
3509,2640
3510,1682
3511,1072
3512,603
3513,339
3514,322
3515,363
3516,892
3517,2921
3518,3868
3519,6176
3520,5427
3521,5210
3522,4451
3523,4567
3524,5118
3525,4722
3526,4646
3527,5324
3528,6170
3529,6244
3530,4484
3531,3233
3532,2843
3533,2716
3534,2157
3535,1308
3536,721
3537,380
3538,385
3539,437
3540,904
3541,2908
3542,4903
3543,5816
3544,5911
3545,5112
3546,4833
3547,5050
3548,4827
3549,5113
3550,4756
3551,5369
3552,6558
3553,5234
3554,4724
3555,3468
3556,2937
3557,2749
3558,2547
3559,1447
3560,657
3561,440
3562,333
3563,442
3564,864
3565,3125
3566,5128
3567,6179
3568,5194
3569,4495
3570,4399
3571,4567
3572,4831
3573,4717
3574,5372
3575,6262
3576,6101
3577,5998
3578,4985
3579,3413
3580,3069
3581,2764
3582,2246
3583,1351
3584,759
3585,411
3586,396
3587,397
3588,776
3589,2910
3590,4971
3591,6343
3592,5442
3593,4227
3594,4820
3595,4672
3596,4859
3597,5308
3598,5913
3599,5094
3600,5560
3601,5612
3602,4910
3603,3956
3604,3214
3605,2729
3606,2823
3607,1867
3608,994
3609,735
3610,499
3611,337
3612,425
3613,772
3614,1527
3615,1821
3616,2722
3617,3191
3618,4273
3619,3951
3620,4047
3621,4620
3622,4733
3623,4482
3624,4520
3625,4879
3626,4237
3627,3191
3628,3037
3629,3029
3630,2435
3631,1930
3632,1325
3633,804
3634,697
3635,388
3636,382
3637,528
3638,1004
3639,1264
3640,2007
3641,2883
3642,4008
3643,4471
3644,4187
3645,4437
3646,4398
3647,4982
3648,4718
3649,4608
3650,4042
3651,3644
3652,3367
3653,2926
3654,2206
3655,1499
3656,713
3657,380
3658,314
3659,404
3660,945
3661,2979
3662,6058
3663,6317
3664,5857
3665,5135
3666,4691
3667,4072
3668,4252
3669,4878
3670,4941
3671,5430
3672,6484
3673,5486
3674,4295
3675,3588
3676,2666
3677,2490
3678,1757
3679,1155
3680,603
3681,402
3682,265
3683,363
3684,988
3685,3370
3686,5992
3687,4145
3688,4305
3689,5275
3690,4457
3691,5348
3692,5760
3693,6419
3694,5207
3695,4363
3696,3262
3697,2911
3698,2510
3699,1759
3700,1210
3701,670
3702,403
3703,300
3704,374
3705,976
3706,3170
3707,5215
3708,6346
3709,5860
3710,5207
3711,4840
3712,5040
3713,4782
3714,4735
3715,4851
3716,5812
3717,7280
3718,5653
3719,5110
3720,3398
3721,3123
3722,3060
3723,2548
3724,1418
3725,865
3726,445
3727,316
3728,378
3729,928
3730,3301
3731,5848
3732,5793
3733,5735
3734,4444
3735,4778
3736,4726
3737,5052
3738,4838
3739,4870
3740,5278
3741,6251
3742,6157
3743,4205
3744,3836
3745,3257
3746,2883
3747,2640
3748,1390
3749,730
3750,469
3751,383
3752,383
3753,772
3754,2686
3755,5038
3756,6040
3757,4946
3758,4520
3759,4685
3760,5253
3761,4793
3762,5408
3763,4834
3764,6107
3765,5886
3766,5742
3767,4585
3768,3394
3769,3426
3770,3297
3771,3317
3772,2392
3773,1277
3774,871
3775,628
3776,381
3777,460
3778,922
3779,1460
3780,2002
3781,2802
3782,3707
3783,3910
3784,4201
3785,4562
3786,3953
3787,4556
3788,4452
3789,4259
3790,3778
3791,4090
3792,3249
3793,3293
3794,3394
3795,2852
3796,2683
3797,1409
3798,836
3799,645
3800,381
3801,369
3802,512
3803,1004
3804,1231
3805,1735
3806,2576
3807,3255
3808,4074
3809,3905
3810,4175
3811,4600
3812,4567
3813,4902
3814,4323
3815,3835
3816,3591
3817,3159
3818,2528
3819,2042
3820,1294
3821,609
3822,441
3823,383
3824,318
3825,885
3826,3302
3827,5876
3828,6681
3829,5232
3830,4847
3831,3831
3832,4242
3833,4476
3834,4700
3835,4553
3836,5108
3837,6205
3838,5909
3839,4173
3840,3064
3841,2721
3842,2469
3843,1918
3844,1025
3845,610
3846,357
3847,269
3848,335
3849,976
3850,2914
3851,5409
3852,6066
3853,6328
3854,4896
3855,4384
3856,4658
3857,5263
3858,5087
3859,4591
3860,5681
3861,6792
3862,6595
3863,4761
3864,3097
3865,2787
3866,2530
3867,2378
3868,2562
3869,855
3870,498
3871,326
3872,381
3873,936
3874,3304
3875,6137
3876,5927
3877,5519
3878,4536
3879,4862
3880,4872
3881,4722
3882,4577
3883,4890
3884,5672
3885,5883
3886,5921
3887,4128
3888,3619
3889,3298
3890,2635
3891,1743
3892,1042
3893,716
3894,420
3895,306
3896,428
3897,1020
3898,3413
3899,4970
3900,6014
3901,6349
3902,4652
3903,4387
3904,4723
3905,5141
3906,4791
3907,5075
3908,5557
3909,6238
3910,5965
3911,4336
3912,3839
3913,3443
3914,2824
3915,2378
3916,1385
3917,731
3918,461
3919,387
3920,389
3921,940
3922,2793
3923,5712
3924,5771
3925,5082
3926,4730
3927,4393
3928,5167
3929,4825
3930,5469
3931,5542
3932,5749
3933,5394
3934,4653
3935,4407
3936,3950
3937,3461
3938,3197
3939,2859
3940,1978
3941,1494
3942,788
3943,620
3944,420
3945,543
3946,890
3947,1554
3948,2327
3949,2774
3950,4120
3951,4766
3952,4749
3953,4370
3954,4070
3955,4673
3956,4811
3957,5190
3958,5065
3959,4284
3960,3736
3961,3598
3962,3686
3963,2825
3964,2134
3965,1426
3966,960
3967,776
3968,402
3969,377
3970,539
3971,1015
3972,1354
3973,2047
3974,2692
3975,3502
3976,4587
3977,4467
3978,4327
3979,4352
3980,4635
3981,4786
3982,5282
3983,4567
3984,3538
3985,3349
3986,2545
3987,1989
3988,2195
3989,979
3990,434
3991,353
3992,361
3993,883
3994,2981
3995,5584
3996,6506
3997,5386
3998,4616
3999,4051
4000,4405
4001,4921
4002,4884
4003,4676
4004,5048
4005,6027
4006,5797
4007,4553
4008,3409
4009,2692
4010,2153
4011,1537
4012,1054
4013,607
4014,444
4015,329
4016,303
4017,976
4018,3375
4019,5197
4020,7075
4021,5695
4022,4749
4023,4938
4024,4762
4025,4885
4026,4668
4027,5421
4028,5727
4029,6806
4030,5634
4031,4145
4032,3352
4033,3156
4034,2392
4035,1718
4036,1071
4037,624
4038,386
4039,290
4040,391
4041,1021
4042,3466
4043,5866
4044,6270
4045,6123
4046,5446
4047,4449
4048,5096
4049,4952
4050,5369
4051,4909
4052,5360
4053,6314
4054,5560
4055,4711
4056,3726
4057,3404
4058,2475
4059,2094
4060,1178
4061,615
4062,422
4063,416
4064,914
4065,3036
4066,5277
4067,6723
4068,5804
4069,5981
4070,4950
4071,5470
4072,5415
4073,5245
4074,4788
4075,6095
4076,6961
4077,6085
4078,4417
4079,3304
4080,3245
4081,2497
4082,2183
4083,1903
4084,757
4085,481
4086,369
4087,452
4088,898
4089,3134
4090,5221
4091,5873
4092,5470
4093,4513
4094,4863
4095,4770
4096,4853
4097,5488
4098,5039
4099,6006
4100,6271
4101,5414
4102,4723
4103,3380
4104,3188
4105,3002
4106,2483
4107,1700
4108,1038
4109,669
4110,446
4111,380
4112,515
4113,819
4114,1868
4115,2677
4116,3811
4117,3706
4118,4112
4119,4423
4120,4806
4121,4539
4122,4815
4123,5090
4124,4769
4125,4213
4126,3845
4127,3234
4128,2856
4129,2852
4130,2774
4131,2083
4132,1379
4133,790
4134,650
4135,390
4136,326
4137,518
4138,1213
4139,1709
4140,2230
4141,3081
4142,4266
4143,4673
4144,4475
4145,4252
4146,4907
4147,4178
4148,4307
4149,3698
4150,3484
4151,3423
4152,2640
4153,2228
4154,1843
4155,1104
4156,695
4157,322
4158,305
4159,375
4160,1017
4161,3097
4162,5728
4163,6700
4164,6270
4165,5342
4166,4210
4167,4316
4168,4768
4169,4752
4170,5285
4171,5723
4172,5923
4173,5598
4174,3489
4175,2810
4176,2667
4177,2312
4178,1484
4179,915
4180,531
4181,395
4182,253
4183,378
4184,991
4185,3339
4186,5588
4187,6708
4188,5733
4189,5343
4190,4657
4191,4850
4192,4507
4193,5312
4194,5266
4195,5961
4196,7011
4197,5316
4198,4592
4199,3506
4200,2998
4201,2333
4202,1644
4203,1149
4204,587
4205,365
4206,329
4207,341
4208,924
4209,2908
4210,6240
4211,6602
4212,6473
4213,5511
4214,4944
4215,5278
4216,4856
4217,5216
4218,5678
4219,5267
4220,6418
4221,5363
4222,4554
4223,3194
4224,2949
4225,2845
4226,2108
4227,1261
4228,635
4229,440
4230,347
4231,373
4232,1024
4233,3356
4234,6223
4235,6563
4236,5816
4237,4929
4238,5041
4239,4624
4240,5733
4241,4939
4242,5699
4243,6454
4244,6958
4245,5684
4246,4123
4247,4187
4248,3074
4249,2839
4250,2338
4251,1334
4252,769
4253,413
4254,392
4255,385
4256,779
4257,2681
4258,5428
4259,6289
4260,6149
4261,5834
4262,5446
4263,4940
4264,5211
4265,5032
4266,5192
4267,6167
4268,6392
4269,5242
4270,4788
4271,3981
4272,3154
4273,2636
4274,2915
4275,2184
4276,1381
4277,790
4278,579
4279,391
4280,386
4281,713
4282,1434
4283,2538
4284,3641
4285,4495
4286,4979
4287,5097
4288,5202
4289,4923
4290,4762
4291,5096
4292,4394
4293,4527
4294,4476
4295,3705
4296,2925
4297,3106
4298,2783
4299,1805
4300,1345
4301,766
4302,538
4303,375
4304,301
4305,575
4306,909
4307,1466
4308,2359
4309,2987
4310,3467
4311,4163
4312,4822
4313,4225
4314,4267
4315,4729
4316,4386
4317,3681
4318,3932
4319,3398
4320,3098
4321,2805
4322,1936
4323,1579
4324,909
4325,651
4326,453
4327,340
4328,329
4329,533
4330,1058
4331,1514
4332,1811
4333,2490
4334,3002
4335,3580
4336,3893
4337,4451
4338,4835
4339,4757
4340,3656
4341,3757
4342,3710
4343,2991
4344,2661
4345,2224
4346,1447
4347,1109
4348,528
4349,310
4350,266
4351,308
4352,902
4353,3111
4354,5781
4355,6919
4356,5540
4357,5211
4358,4102
4359,4508
4360,4630
4361,4803
4362,4925
4363,5037
4364,6156
4365,5208
4366,4566
4367,2788
4368,2552
4369,1997
4370,1252
4371,860
4372,534
4373,324
4374,276
4375,352
4376,820
4377,2893
4378,6128
4379,6325
4380,6715
4381,5556
4382,4906
4383,4678
4384,5013
4385,4528
4386,4576
4387,5530
4388,6761
4389,6272
4390,4361
4391,3625
4392,2964
4393,2386
4394,1692
4395,988
4396,572
4397,361
4398,292
4399,332
4400,838
4401,2941
4402,6443
4403,6174
4404,5600
4405,5276
4406,5027
4407,4877
4408,5154
4409,4599
4410,4628
4411,5949
4412,6621
4413,6566
4414,4255
4415,3566
4416,3246
4417,2468
4418,2175
4419,1133
4420,560
4421,409
4422,325
4423,350
4424,920
4425,2981
4426,5030
4427,6098
4428,5976
4429,4783
4430,4442
4431,5131
4432,5266
4433,5256
4434,4804
4435,5071
4436,6177
4437,4947
4438,5044
4439,3537
4440,3031
4441,3083
4442,2417
4443,2030
4444,1129
4445,638
4446,444
4447,422
4448,488
4449,843
4450,1552
4451,2144
4452,3091
4453,3542
4454,4174
4455,4124
4456,4509
4457,4623
4458,4515
4459,5074
4460,5176
4461,4222
4462,3420
4463,3731
4464,3396
4465,2661
4466,2533
4467,1872
4468,1174
4469,725
4470,598
4471,373
4472,325
4473,518
4474,1041
4475,1743
4476,2170
4477,3786
4478,4117
4479,4071
4480,3894
4481,3633
4482,3526
4483,3526
4484,4346
4485,3828
4486,3331
4487,3321
4488,2603
4489,2066
4490,1607
4491,946
4492,517
4493,274
4494,308
4495,343
4496,900
4497,2672
4498,5674
4499,7202
4500,5732
4501,5755
4502,4474
4503,4809
4504,5113
4505,4581
4506,5103
4507,5197
4508,6363
4509,5782
4510,4613
4511,3043
4512,2777
4513,2431
4514,1391
4515,947
4516,476
4517,330
4518,277
4519,302
4520,934
4521,3039
4522,6478
4523,6414
4524,6355
4525,5142
4526,3906
4527,5379
4528,4667
4529,4690
4530,4966
4531,6081
4532,6447
4533,5985
4534,4033
4535,3750
4536,3303
4537,2674
4538,1915
4539,2552
4540,679
4541,322
4542,305
4543,335
4544,941
4545,3130
4546,6011
4547,6254
4548,6388
4549,5659
4550,4405
4551,4974
4552,5033
4553,4295
4554,4787
4555,6099
4556,6058
4557,5622
4558,4206
4559,3263
4560,3325
4561,2444
4562,1663
4563,2966
4564,695
4565,379
4566,328
4567,369
4568,868
4569,3152
4570,6162
4571,5790
4572,5595
4573,4981
4574,4248
4575,5221
4576,4866
4577,4751
4578,5406
4579,6046
4580,7069
4581,5950
4582,4566
4583,3320
4584,3264
4585,2687
4586,1977
4587,1134
4588,561
4589,367
4590,319
4591,394
4592,839
4593,3167
4594,6075
4595,6171
4596,6411
4597,4702
4598,4469
4599,4556
4600,4756
4601,4521
4602,5337
4603,6010
4604,5667
4605,5550
4606,4781
4607,3510
4608,3461
4609,3174
4610,3026
4611,2184
4612,1227
4613,774
4614,555
4615,415
4616,538
4617,916
4618,1520
4619,2245
4620,3524
4621,3817
4622,4581
4623,5227
4624,5135
4625,5007
4626,4673
4627,4524
4628,4611
4629,4116
4630,4096
4631,3794
4632,2958
4633,2964
4634,2679
4635,2260
4636,1261
4637,741
4638,632
4639,364
4640,328
4641,432
4642,932
4643,1408
4644,1903
4645,2799
4646,3231
4647,4545
4648,3725
4649,3986
4650,3699
4651,4051
4652,4806
4653,3983
4654,3531
4655,3323
4656,3227
4657,2634
4658,1632
4659,1043
4660,555
4661,274
4662,283
4663,346
4664,811
4665,2849
4666,5758
4667,6555
4668,6135
4669,5460
4670,4350
4671,4576
4672,4956
4673,4871
4674,5114
4675,4800
4676,6213
4677,5517
4678,4085
4679,2640
4680,2586
4681,2143
4682,1377
4683,828
4684,579
4685,342
4686,208
4687,355
4688,808
4689,2827
4690,5990
4691,6605
4692,6108
4693,5126
4694,4230
4695,4288
4696,5052
4697,4873
4698,4562
4699,5467
4700,6473
4701,5892
4702,4044
4703,3110
4704,2838
4705,2304
4706,2582
4707,1551
4708,586
4709,424
4710,297
4711,380
4712,937
4713,3353
4714,5565
4715,6501
4716,6075
4717,5443
4718,4541
4719,4648
4720,4637
4721,4322
4722,5425
4723,5383
4724,5924
4725,5452
4726,4317
4727,3147
4728,2692
4729,2706
4730,1752
4731,995
4732,620
4733,382
4734,239
4735,353
4736,838
4737,2654
4738,5775
4739,5224
4740,4882
4741,5165
4742,4485
4743,4314
4744,5023
4745,4749
4746,4509
4747,4735
4748,6160
4749,5167
4750,3687
4751,3188
4752,2752
4753,3776
4754,2505
4755,1624
4756,739
4757,405
4758,304
4759,397
4760,809
4761,2788
4762,5162
4763,7129
4764,5110
4765,4892
4766,4603
4767,5258
4768,4963
4769,4954
4770,5062
4771,6489
4772,5780
4773,5109
4774,4558
4775,3800
4776,3204
4777,3035
4778,2704
4779,2186
4780,1423
4781,1272
4782,1268
4783,560
4784,630
4785,918
4786,1594
4787,2671
4788,3185
4789,3537
4790,4172
4791,4345
4792,4794
4793,4256
4794,4653
4795,4862
4796,5026
4797,5198
4798,4620
4799,4676
4800,3859
4801,2790
4802,2235
4803,1716
4804,1369
4805,700
4806,570
4807,310
4808,358
4809,464
4810,928
4811,1535
4812,2304
4813,3898
4814,4224
4815,4315
4816,4059
4817,4095
4818,3948
4819,4180
4820,4069
4821,4136
4822,4057
4823,3773
4824,3005
4825,2206
4826,1648
4827,910
4828,525
4829,327
4830,210
4831,332
4832,947
4833,3184
4834,5549
4835,6982
4836,5611
4837,5144
4838,3980
4839,4809
4840,4667
4841,4112
4842,4862
4843,5866
4844,5953
4845,5744
4846,3822
4847,3319
4848,2748
4849,2046
4850,1390
4851,751
4852,496
4853,280
4854,219
4855,389
4856,877
4857,2940
4858,5961
4859,6881
4860,5548
4861,5569
4862,4123
4863,4276
4864,4627
4865,5102
4866,4682
4867,5554
4868,6950
4869,6121
4870,4732
4871,2754
4872,2929
4873,2267
4874,1575
4875,962
4876,578
4877,326
4878,239
4879,374
4880,955
4881,3201
4882,5736
4883,5680
4884,6462
4885,4826
4886,4969
4887,4457
4888,4996
4889,4561
4890,4904
4891,5858
4892,6502
4893,6098
4894,4560
4895,3356
4896,3163
4897,3246
4898,1788
4899,1098
4900,624
4901,391
4902,290
4903,363
4904,888
4905,2957
4906,5128
4907,6270
4908,5945
4909,5321
4910,4898
4911,4316
4912,4605
4913,4313
4914,4543
4915,5624
4916,6599
4917,5616
4918,4925
4919,3230
4920,2603
4921,2692
4922,1834
4923,1285
4924,756
4925,439
4926,293
4927,394
4928,841
4929,2674
4930,6034
4931,6665
4932,6316
4933,4764
4934,4362
4935,4874
4936,5397
4937,5196
4938,4984
4939,6081
4940,6235
4941,6259
4942,4613
4943,4282
4944,3659
4945,3161
4946,2966
4947,3417
4948,1631
4949,836
4950,514
4951,381
4952,401
4953,680
4954,1269
4955,1940
4956,2870
4957,4085
4958,3789
4959,4175
4960,4525
4961,4743
4962,4855
4963,4486
4964,4667
4965,4897
4966,4464
4967,3469
4968,3163
4969,3086
4970,2411
4971,3607
4972,1698
4973,994
4974,708
4975,335
4976,367
4977,459
4978,810
4979,1164
4980,2074
4981,2811
4982,3343
4983,3867
4984,4273
4985,4534
4986,4179
4987,4199
4988,3899
4989,3730
4990,3846
4991,3195
4992,3033
4993,2039
4994,1546